particle_id,pt
4549847835213824,15.476940554970804
4549847835213824,15.476940554970804
4549847835213824,15.476940554970804
4549847835213824,15.476940554970804
0,0.
