particle_id,pt
4510677733474304,1.0711249322207939
4510677733474304,1.0711249322207939
4510677733474304,1.0711249322207939
4510677733474304,1.0711249322207939
4510677733474304,1.0711249322207939
4510677733474304,1.0711249322207939
0,0.
