particle_id,pt
968287801218957312,0.6865345145365963
968287801218957312,0.6865345145365963
968287801218957312,0.6865345145365963
968287801218957312,0.6865345145365963
968287801218957312,0.6865345145365963
968287801218957312,0.6865345145365963
968287801218957312,0.6865345145365963
968287801218957312,0.6865345145365963
968287801218957312,0.6865345145365963
968287801218957312,0.6865345145365963
968287801218957312,0.6865345145365963