particle_id,pt
4504630419521536,0.706922181129578
4504630419521536,0.706922181129578
4504630419521536,0.706922181129578
4504630419521536,0.706922181129578
4504630419521536,0.706922181129578
4504630419521536,0.706922181129578
4504630419521536,0.706922181129578
4504630419521536,0.706922181129578
0,0.
