particle_id,pt
0,1.0
22525763437723648,0.5697798308396059
0,1.0
297237712845406208,0.24093159179462126
418835796137607168,0.2752291162250099
108087696726949888,0.3998558612088736
968286151951515648,0.4532007258376977
954766419537428480,0.6754565319263706
707072769359085568,0.2911504203393627
67554956483231744,0.2560247966669635
274720539342274560,0.20805129734084812